Nvec_NVE13874 589 794 PF00078 RVT_1	DaleRGNYRGLKLTKHCLKIVERVLEKVgrgLVSIDEMQFGFVPGKGTTNAIfvvRQLQEKHLAKGKSLFFAFVDLEKAFDRVPRDILWWAMRRLGLPEWFVSTIQAMYSHASSRVCVSSSLNDSFKVQVGVHQGSVLSPFLFIVVLEALSADLRSGCPWeLLYADDLVISSDSLDTLLAKLCMWKQGLESKGLRVNMSKTKILMS
Nvec_NVE13874 809 853 PF00628 PHD	CAVCRKGVGSNSIFCSGCSLWVHKKCSNIPGRLTPNQLFRCSRCQ
Nvec_NVE13874 1483 1563 PF00169 PH	QKKSSIFKSWKRRHFKAFGGKLYYYEDHRCAEPLGIIELKDCSVLINGKMIEIIEKDGSAVLKVRCASSTEAEDWKEAIAE
Nvec_NVE13874 1580 1841 PF00022 Actin	SVIIIDLGSSSVKAGFAQEEAwPQSIFPCVCAVHKEDDSNRMYGFQAFEPQRRKNSKLVFPLRRTFKIDKlkfstSDLIGILEHAFLSLKVDPVKHKVIMTIPQNTGLQEKEELVEILLGYFRVQAVYLQEQSILAMYSYSAVSGIVVDVGDHIDVIPVVEGCIIESGATRLPYGGRQVTDTLARHLTEKGHRFFSEVETYVARLIKEQACYVSEQRVTdgtDEIHSTDVNLAKYNLPDGTiKVSLDTARYRCTEGLFEPRH
Nvec_NVE15670 488 601 PF00078 RVT_1	DaleRGNYRGLKLTQHCLKIVERVLEKVgrgLVSIDEMQFTFVPGKGTTDAIfvvRQLQEKHLAKGKSLFFAFVDLEKAFDRVPRVILWWAMCRLGLPEWFVSTIQAMYSHASI
Nvec_NVE15670 676 720 PF00628 PHD	CAVCRKGVGSNSIFCSGCSLWVHKKCSNIPGRLTPNPLFRCSRCQ
Nvec_NVE25868 87 293 PF00078 RVT_1	DaleRGNYRGLKLTEHCLKIVERGLEKVgqgLVSIDEMQFGFVPGKGTSDAIfvvRQLQEKHLAKGKSLFFAFVDLEKAFDRFPRDILWWAMRRLGLPEWFVSTIQAMYSHASSRVCVSNSLSDSFKVQAGVHQGSVLSLLLFIVVLEALSADLRSGCPWeLLYADDLVISSDSLDTLLAKLRMWKQGLESKGLRVNMSKTKILMSG
Nvec_NVE25868 307 351 PF00628 PHD	CAVCREGVGSNSIFCSGCSLWVHKKCSNIPGRLTPNPLFRCSRCQ
Nvec_NVE26075 133 170 PF08073 CHDNT	TYVKFTKAMRPAVASANPGVAHTRINALLGAMWQDFKT
Nvec_NVE26075 347 391 PF00628 PHD	YCEACDEGGDLLLCDTCTLSYHLGCLNPALDEPPEGRWSCPVCEV
Nvec_NVE26075 405 449 PF00628 PHD	YCRVCKDGGQLLCCDKCPMAYHLKCLIPPMMRVPTGEWKCPRCQS
Nvec_NVE26075 585 638 PF00385 Chromo	QINRIMNHRVLKDGSEEFFVKWRDVPYSQSTWESpDDPINHQisdFKEYIKKYY
Nvec_NVE26075 699 982 PF00176 SNF2_N	SWAQGTNTILADEMGLGKTIQTISFLYSLMKEGHSQGPFLVSAPLSTLVNWEREFEFWAPDMYVVTYAGDKESRatirnfdfsfdedafkSGLKAYKLKKDSPVKFHVLLTSYELVSIDSASLQSIDWAMLVVDEAHRLKNNQSKFFRTLSDYNIGYKLLLTGTPLQNNLEELWNLLFFLDPVEFNNKNNFLTEFDNVAKEDQIKKLHDILGPHMLRRLKADVLKGIPSKSELIVRVELSPMQKKYYKWILTRNFEALNTKGAQQVSLLNVMMELKKCCNHPYL
Nvec_NVE26075 1009 1122 PF00271 Helicase_C	KLMLLVKMLkKLREQGHRVLIFSQMTRMLDLLEDFLEGHGYKYERIDGSVNGAARQEAIDRFNaptSQAFCFLLSTRAGGLGINLATADTVFIYDSDWNPHNDIQAFSRAHRIG
Nvec_NVE26075 1247 1305 PF06465 DUF1087	QKEEDVEVLKQAPETTDQDYWEKLLRHHYEQFREDEARELGKGKRIRKQVNYVDTGIED
Nvec_NVE26075 1342 1471 PF06461 DUF1086	EGQRRGRRPPREDTMpPMLARVQGNLEVYGFSLRQRKAFLNAVMRYGLppqkDITKSQWFVRDLRGKGEKAVQAYSSMFLRHLCEPGYDGGSQFSDGVPREGLHRQQVLTRIGVMSLIRKKVEEFAPING
Nvec_NVE26075 1788 1908 PF08074 CHDCT2	DDIWWRKHDYWLLAGVAYHGYARWQDIANHHMFAVINEPFKNVSLEYKNRFIARRFKLLEQALIIEEQLKRADKLNLkQDAQHPAMALNARFAELECLAESHQHLSKESLSGNKPANAVLH
