Crei_PNW69635 834 896 PF14214 Helitron_like_N	AVLSNIRGTPAYWADAAADLFAMLRSIGPPTWFLTLSANELgWDDLVLALISEPEERARRAKE
Crei_PNW69635 932 1065 PF14214 Helitron_like_N	RETAARRALGTAAYTSATPGQRQASAQQALGEEAFQRLTHNQREPSAREAMGEAAYRRATEEQRrdalldsvtrsamfqlIRDNQVTVARHFNHRFETLLKAIIeCPDYLGEVQDYFWRVEFQRRGSPHIHMLL
Crei_PNW69635 1337 1388 PF00628 PHD	CEVCSStdADEGANFMLLCDtaNCPYGYHGRCLEAPLLEAPQGDWFCPHCRQ
Crei_PNW69635 1750 2118 PF05970 PIF1	LSPEQRAVFTAVFQHVHAtaeaaRTGQdaprQLleFVTGGGGTGKSFLIKLVTEMLRRthpDGEPVVLTAPTGVAAFNIRGSTIHRALGLPVENCRESGArrvhweplSANRLQELRQIWACVRYLIVDEISMVSAATLWHIHRRLVEIMDTPEHWPFGGINLIVLGDFYQLPPVkatfVFDGEGRGTCADARDGAAMFRElFHMFELTQNQRQAGDPLWAAVLNVLRLGVRTGSRQDLRAWELACAIVKERMLASVSSNGKALDADFQNAPRLLSLTLEVDEYNAARLQELTSTpgvvCHVIAAQDQLVPEPGQPAGEIQAGDVPTSADMCGGLGACVRLAVGARVMLRRNVHTLDGLVNGAQGTVTG
Crei_PNW70767 3032 3178 PF00078 RVT_1	RRLNEATIPDSHQLPLPEDLFQLMANAKVWAKADARAAFNQLPIKLEDQPKTAFWWRRELWMYTRLLYGLRNATSNFQRVLDTHLRDWGLAHRVVAFVDDLAAWAETVPELIDVLCGLFRMLTSIGIKLHPEKTVLLADGIEFLGHY
Crei_PNW70767 3271 3375 PF17917 RT_RNaseH	DPQRELILHTDWCEVGISGVLGQLDDDALEYMVACVSRTCNVHERRYGSYKGELLAAVWAVQTLRPYLHGRRFTLVTDHGPLEWLMTQRDLTGQAARWALILQQY
Crei_PNW70767 3987 4042 PF17921 Integrase_H2C2	PPDQRVALTQAVHQRTGHLGVRRTLALLQTGHWWYGMKNTVRQVLRACRACDMSNA
Crei_PNW70767 4072 4154 PF00665 rve	PPSEPDGNRYVMVVIEHFSKHVELLPLRDKTAARTARALADVFARFGAPAEVLTDNGSEFEGEFAELLERSCVDHRRTSPGHP
Crei_PNW70767 4367 4411 PF00628 PHD	CEVCGSPHQEAKMVLCDGCNTGWHTHCLRLPRVPRGQWLCPRCKE
Crei_PNW77671 2413 2559 PF00078 RVT_1	RRLNEATIPDSHQLPLPEDLFQLMANAKVWAKADARAAFNQLPIKLEDQPKTAFWWRRELWMYTRLLYGLRNATSNFQRVLDTHLRDWGLAHRVVAFVDDLAAWAETVPELIDVLCGLFRMLTSIGIKLHPEKTVLLADGIEFLGHY
Crei_PNW77671 2652 2756 PF17917 RT_RNaseH	DPQRELILHTDWCEVGISGVLGQLDDDALEYMVACVSRTCNVHERRYGSYKGELLAAVWAVQTLRPYLHGRRFTLVSDHGPLEWLMTQRDLTGQAARWALILQQY
Crei_PNW77671 3387 3442 PF17921 Integrase_H2C2	PPDQRVALTQAVHQRTGHLGVRRTLALLQTGHWWYGMKNTVRQVLRACRACDMSNA
Crei_PNW77671 3472 3554 PF00665 rve	PPSEPDGNRYVMVVIEHFSKHVELLPLRDKTAARTARALADVFARFGAPAEVLTDNGSEFEGEFAELLERSYVDHRRTSPGHP
Crei_PNW77671 3767 3811 PF00628 PHD	CEVCGSPHQEAKMVLCDGCNTGWHTHCLRLPRVPRGQWLCPRCKE
Crei_PNW79026 714 864 PF00078 RVT_1	QDYRPVNKVTKGDKYGLHRPEDIFQRVGKARYFSKLDMRQGFLQIPIHPDDYGKTAFWCGNRLIAYTRMPYGLKNASATFQRRMDYELRAAGLDHLAVAFIDDVLIATETAEEHIEAVGKVLDALAACGLRAHPDKSIFGADVVEYLGHNL
Crei_PNW79026 953 1059 PF17917 RT_RNaseH	DYTRQLIVHTDFSNKGIAAVLGQLDGDGREYMCACISRSLNKHESNYSSYKGEMLAAVWALKVFRHHLIGsDTpFKLVTDHQPLTYLMSSEGLTGQYARFALVLQEY
Crei_PNW79026 1656 1709 PF17921 Integrase_H2C2	AERGELVRRTHEQAGHFGVRRTTALLLHSYWWPGISDDVRSAVKHCEACDRAKA
Crei_PNW79026 2032 2078 PF00628 PHD	CEVCKMPDNEEWMLLCDACGSGWHTFCLTPPLEGIPEGTWVCPACTK
Crei_PNW79535 1991 2137 PF00078 RVT_1	RRLNEATIPDSHQLPLPEDLFQLMANAKVWAKADARAAFNQLPIKLEDQPKTAFWWRRELWMYTRLLYGLRNATSNFQRVLDTHLRDWGLAHRVVAFVDDLAAWAETVPELIDVLCGLFRMLTSIGIKLHPEKTVLLADGIEFLGHY
Crei_PNW79535 2230 2334 PF17917 RT_RNaseH	DPQRELILHTDWCEVGISGVLGQLDDDALEYMVACVSRTCNVHERRYGSYKGELLAAVWAVQTLRPYLHGRRFTLVTDHGPLEWLMTQRDLTGQAARWALILQQY
Crei_PNW79535 2965 3020 PF17921 Integrase_H2C2	PPDQRVALTQAVHQRTGHLGVRRTLALLQTGHWWYGMKNTVRQVLRACRACDMSNA
Crei_PNW79535 3050 3132 PF00665 rve	PPSEPDGNRYVMVVIEHFSKHVELLPLRDKTAARTARALADVFARFGAPAEVLTDNGSEFEGEFAELLERSYVDHRRTSPGHP
Crei_PNW79535 3345 3389 PF00628 PHD	CEVCGSPHQEAKMVLCDGCNTGWHTHCLRLPRVPRGQWLCPRCKE
Crei_PNW83574 1328 1480 PF00078 RVT_1	MAQDYRPVNKVTKPDKYGLHRPEDIFQSVEKARFFSKLDMRQGFLQISIHKDDYGKTAFWCGNRLLAYTRMPYGLKNASAAFQRRMDHELRRAGLDKVAVAFIDDVLIATETAEEHVEAVARVLDTLAACGLRAHPDKSIFGADVIEYLGHNL
Crei_PNW83574 1569 1675 PF17917 RT_RNaseH	DYSRQLILHTDFSNKGIAAVLGQRDDEGREYMCACISRSLNKHEANYSSYKGEMLAVVWAVKMLRHHLIGsDVpFKLVTDHQPLLYLMSSEGLTGQYARFALVLQEY
Crei_PNW83574 2275 2328 PF17921 Integrase_H2C2	AERGELVRRMHEQAGHFGVRRTCALLLHSHWWRGITDDVRSAVKHCEACDRVKA
Crei_PNW83574 2651 2697 PF00628 PHD	CEVCKMPDNEEWMLLCDACGTGWHTFCLSPPLEGIPEGSWVCPTCSS
Crei_PNW87693 1285 1347 PF14214 Helitron_like_N	AVLSNIRGTPAYWADAAADLFAMLRSIGPPTWFLTLSANELgWDDLVLALISEPEERARRAKE
Crei_PNW87693 1383 1516 PF14214 Helitron_like_N	RETAARRALGTAAYTSATPGQRQASAQQALGEEAFQRLTHNQREPSAREAMGEAAYRRATEEQRrdalldsvtrsamfqlIRDNQVTVARHFNHRFETLLKAIIeCPDYLGEVQDYFWRVEFQRRGSPHIHMLL
Crei_PNW87693 1788 1839 PF00628 PHD	CEVCSStdADEGANFMLLCDtaNCPYGYHGRCLEAPLLEAPQGDWFCPHCRQ
Crei_PNW87693 2201 2566 PF05970 PIF1	LSPEQRAVFTAVFQHVHataevartgQDAPRQLleFVTGGGGTGKSFLIKLVTEMLRRthpDGEPVVLTAPTGVAAFNIRGSTIHRALGLPVENCRESGArrvhweplSANRLQELRQIWACVRYLIVDEISMVSAATLWHIHRRLVDTPEHWPFGGINLIVLGDFYQLPPVkatfVFDGEGRGTCADARDGAAMFRElFHMFELTQNQRQAGDPLWAAVLNVLRLGVRTGSRQDLRAWELACAIVKERMLASVSSNGKALDADFQNAPRLLSLTLEVDEYNAARLQELTSTpgvvCHVIAAQDQLVPEPGQPAGEIQAGDVPTSADMCGGLGACVRLAVGARVMLRRNVHTLDGLVNGAQGTVTG
