Apla_XP_022090421.1 164 224 PF03221 HTH_Tnp_Tc5	EKEEAALVDWVVTMGKKGFPVAPGMVCDAVKLFFKKEGNLFTNDRPSHTWYHKFVRRHtKL
Apla_XP_022090421.1 642 695 PF00628 PHD	ICPVCKEqFGDDEEEWICCDGdCQMWFHVHCLPPELVTPAILEDkEMFCPQCTK
Apla_XP_022090455.1 257 315 PF03221 HTH_Tnp_Tc5	AEEEDLAHWILTMSQRGFQVSASMARDAVQSFFKRDNSPFINGRPSYRWYYSFLRRNpK
Apla_XP_022090455.1 400 563 PF03184 DDE_1	GMCTSADGQLLPPFMIYRGQKHMPpHWDPLDGAPRGSRTFLLEKDGEKQEAFSQWMeHHFLKNIGRQRPVVLLLSSHQNEVSYKTyVTACQNDVYLFRILPKAASLLQPLDVDGEAGEGPFRSAWIMKWVTDNRTVSVTFHNAAKVISSAWKeAENSEAIRTCF
Apla_XP_022090455.1 714 767 PF00628 PHD	FCPVCDErfGDDGGEDWIGCDgQCQSWYHVNCLPPEVVTPALLEDkEMICPDCL
Apla_XP_022104216.1 124 177 PF08073 CHDNT	EMEYMDADYESLINYKLFCQHVRPLVIENAPNLPMTKMTTLLASLWREFAASNP
Apla_XP_022104216.1 352 396 PF00628 PHD	YCEVCQQGGEIILCDTCHRAYHLVCLDPELDAAPEGKWSCPHCET
Apla_XP_022104216.1 412 456 PF00628 PHD	FCRVCKDGGELLCCDQCPSSYHIFCLNPPLKEIPDGEWVCPRCSC
Apla_XP_022104216.1 585 638 PF00385 Chromo	QIHRIINKQVRPRSGKTLYLIKWRSLTYDNCSWEEEDLLDDIpdgRKHIEYYNS
Apla_XP_022104216.1 732 1011 PF00176 SNF2_N	ISCILADEMGLGKTIQTIAFLYSLYKEGLSKGPFLISAPLSTIVNWEREFEFWAPDFYVVTYCGDKDSRatirehefsfeedavrGGKKAYRMKKDSVVKFHVLLTSYELVTIDNTTLQSVDWEVLVVDEAHRLKNNQSKFFRILSQYSIGHKLLLTGTPLQNNLEELFHLLNFMSSDEFSNLQVFLDEFEDISKEDQIKKLHDLLGPHMLRRLKADVLKGIPSKSEFIVRVDLSPMQKKYYKYILTRNFEALNAKGGGNhVSLLNVMMDLKKCANHPYL
Apla_XP_022104216.1 1039 1151 PF00271 Helicase_C	LMLLEKMLeKLKQENHRVLIFSQMTKMLDILEDFLEGTGYKYERIDGGVTGSLRQEAIDRFNapgAEQFVFLLSTRAGGLGINLATADTVVIFDSDWNPHNDIQAFSRAHRIG
Apla_XP_022104216.1 1272 1333 PF06465 DUF1087	EEEEEEVETEVIKQELEPSDPAYWEKLLRHHYEQQQEDLARTLGKGKRIRKQVNYNDAGQDD
Apla_XP_022104216.1 1370 1501 PF06461 DUF1086	ELRPRRRDKDKLPPLLARVAGSIEVLGFNTRQRKAFLNAIMRWGMppqDPYNSQWLVRDLRGKPEKHFKAYVALFMRHLCEPGSDGADTFADGVPREGLSRQHVLTRIGVMSLIRKKVLEFEPINGSISIPE
Apla_XP_022104216.1 1831 1956 PF08074 CHDCT2	NEIWHRKHDFWLLSGIVKHGYGRWQDIQNDLCYAIINEPFKVDLGKGNYLEIKNKFLARRFKLLEQALVIEEQLRRAAYLNLtQDPNHPAMALNARFAEVECLAESHQHLSKESLAGNKPANAVLH
Apla_XP_022111688.1 36 94 PF17921 Integrase_H2C2	VPQTLQGQIIEMNHDLpsAGHAGIDRTIARIKSKYYCCGMTEDIKKYVILCSVCNQNKK
Apla_XP_022111688.1 111 207 PF00665 rve	PMEKVHLDFLgPLPKTPRGNEYILMMVDQFTKWVECIPLPSQTAEVTAQAAVSSFFSRFGYPLQIVTDQGRNFESKLFSNLCKVLQIHKAKTTPYRP
Apla_XP_022111688.1 378 409 PF00628 PHD	FCRKPDDGNFMIQCDGCDEWYHGQCVNVPPED
Apla_XP_022111688.1 606 861 PF01026 TatD_DNase	IDSHFHLDRlEDSlgreGLECIQETLDRRPDHTIVLSGGVinyYDPEHYHRILFSADSRWKVAVGVHPKKVSRMTEQQWDQLQQLLAHPQVIAISEVGLDFSISKNTWDRQTQFLEHLLNLGTLGFVLVVHLRGARGdptgvQVQEMCRGILQQKCsryqRIHLHSFTGNRQQMEAWLTVfpNCYLGFSALTKNFCLEQLEALRCAPLDRVLLETDSPHFRVHSTRVNTPAYLGDIGSLVANVKQIALAEVMQATT
