# pfam_scan.pl,  run at Tue Feb 22 09:13:22 2022
#
# Copyright (c) 2009 Genome Research Ltd
# Freely distributed under the GNU 
# General Public License
#
# Authors: Jaina Mistry (jaina@ebi.ac.uk), 
#          Rob Finn (rdf@ebi.ac.uk)
#
# This is free software; you can redistribute it and/or modify it under
# the terms of the GNU General Public License as published by the Free Software
# Foundation; either version 2 of the License, or (at your option) any later version.
# This program is distributed in the hope that it will be useful, but WITHOUT
# ANY WARRANTY; without even the implied warranty of MERCHANTABILITY or FITNESS
# FOR A PARTICULAR PURPOSE. See the GNU General Public License for more
# details.
#
# You should have received a copy of the GNU General Public License along with
# this program. If not, see <http://www.gnu.org/licenses/>. 
# = = = = = = = = = = = = = = = = = = = = = = = = = = = = = = = = = = = = = = = =
#      query sequence file: results_TEfusions/data/fusions.Chocri.fasta
#     cpu number specified: 1
#        searching against: /users/asebe/xgraubove/data/pfam//Pfam-A.hmm, with cut off --cut_ga
#    resolve clan overlaps: on
#     predict active sites: on
# = = = = = = = = = = = = = = = = = = = = = = = = = = = = = = = = = = = = = = = =
#
# <seq id> <alignment start> <alignment end> <envelope start> <envelope end> <hmm acc> <hmm name> <type> <hmm start> <hmm end> <hmm length> <bit score> <E-value> <significance> <clan> <predicted_active_site_residues>

Chocri_XP_005710199.1     35    132     34    133 PF17919.2   RT_RNaseH_2       Domain     2    99   100    107.6   2.6e-31   1 CL0219   
#HMM       teeqekafeklkealtsapvLalpdpdkpfiletDaSdtgiGavLsqedddgkerpiafaSrklskaernysttekellAivfalkkfrhyllgrkft
#MATCH     t+e+ +af +lk++l+s+p+Lalp++ k+++l tDa+ + +G++L+qe++dg++ pi+++Sr+l++aerny+tteke+lA+v+++ ++r+yl+g++f 
#PP        899*******************************************************************************************9996
#SEQ       TDEEYEAFVELKKRLVSPPILALPRYGKKYTLDTDACAYQVGCALLQEQPDGDRLPIGYWSRALTDAERNYTTTEKECLAVVWSILTLRPYLYGNTFD
Chocri_XP_005710199.1    295    349    295    352 PF17921.2   Integrase_H2C2    Domain     1    53    58     53.2   2.3e-14   1 CL0361   
#HMM       vpkslrkeilkelHds..agHlGiektlarlrrryyWpgmrkdvkkyvksCetCq
#MATCH     vpk+lr +il  +H    agH+G ++++  lrr yyWp+m +d  + v++C  C+
#PP        8*****************************************************7
#SEQ       VPKRLRAKILYLAHHPrlAGHPGGTRMYYTLRREYYWPHMANDAFSTVRNCASCA
Chocri_XP_005710199.1    646    693    646    694 PF00385.25  Chromo            Domain     1    53    54     38.7   7.2e-10   1 CL0049   
#HMM       yeVerIidhrtdkdgleleYlVKWkglpysentWEpeenlekcfqelideFkk
#MATCH     y+++ +++hr ++ g   +Y+V+W g+ + ++tWEp+e l k    +id+F++
#PP        78999***********..***********************99...9****96
#SEQ       YVIDHLVGHRENRTGA--QYKVRWYGYAPADDTWEPAEGLPKG---FIDRFWR
#CS        EEEEEEEEEEEETTEECEEEEEEETTSTGGGTEEEEGGGCTSCSHHHHHHHHH
Chocri_XP_005710351.1    103    201    102    201 PF17919.2   RT_RNaseH_2       Domain     2   100   100    115.8   7.2e-34   1 CL0219   
#HMM       teeqekafeklkealtsapvLalpdpdkpfiletDaSdtgiGavLsqedddgkerpiafaSrklskaernysttekellAivfalkkfrhyllgrkftv
#MATCH     ++eq++af++lke+l+s+pvL+lp+  +p+ l tDaSd  +G+ L+q+++dg+++p++++Sr+ls+ae nystteke+lAiv+a++++r+yl+ ++ftv
#PP        689**********************************************************************************************97
#SEQ       DKEQTTAFQTLKECLISPPVLKLPRLGRPYSLDTDASDAQLGCTLLQTHEDGHRYPVGYWSRTLSSAECNYSTTEKECLAIVWAVQTLRPYLERERFTV
Chocri_XP_005710351.1    331    388    331    390 PF17921.2   Integrase_H2C2    Domain     1    56    58     46.7   2.5e-12   1 CL0361   
#HMM       vpkslrkeilkelHds..agHlGiektlarlrrryyWpgmrkdvkkyvksCetCqrrk
#MATCH     vp++lr+++l   H    +gHlG ++ +  lr+r+yWp+m+ d  + v+ C+ C++++
#PP        79*****************************************************986
#SEQ       VPTTLRERLLYLSHYPatSGHLGGRRLFYTLRQRFYWPSMSVDSYSTVRMCPDCAKAR
Chocri_XP_005710351.1    405    502    403    502 PF00665.27  rve               Domain     3   102   102     35.5   9.9e-09   1 CL0219   
#HMM       apgelwqvDvt.viripdgggkayllvviddfsrlilaeavsdemsastvvalleravakfggvepervlsDngseytskafreflaelgirvsftrpgrp
#MATCH     +p e++ +D+  +++  +++g  yllv++d +s+l+ ++ +++  +a+tv+++      +  g  p ++lsDng ++ts+ f ++++ l i+  ft +++p
#PP        6999999****9666.566668**********************.5555555555444444444.*********************************998
#SEQ       GPLEYIAIDILgELP-RTPRGNRYLLVMTDRYSKLTRTVPLKRI-TAETVAQAFISHWVFVYGA-PVKLLSDNGGQFTSRFFLAVCKILSIESGFTTAYHP
Chocri_XP_005710351.1    870    909    870    919 PF00385.25  Chromo            Domain     1    41    54     25.7   7.9e-06   1 CL0049   
#HMM       yeVerIidhrtdkdgleleYlVKWkglpysentWEpeenle
#MATCH     y+V+ + +h   +dgl + + V+W g+++ e+tWEp+ +++
#PP        6788888899999999.*********************998
#SEQ       YVVQSLTGHGPGDDGL-PLFRVRWYGYSDAESTWEPARHID
#CS        EEEEEEEEEEEETTEECEEEEEEETTSTGGGTEEEEGGGCT
Chocri_XP_005711216.1     35    129     34    131 PF17919.2   RT_RNaseH_2       Domain     2    96   100    105.0   1.7e-30   1 CL0219   
#HMM       teeqekafeklkealtsapvLalpdpdkpfiletDaSdtgiGavLsqedddgkerpiafaSrklskaernysttekellAivfalkkfrhyllgr
#MATCH     t+e+ +af +lk++l+s+p+Lalp++ k+++l tDa+ + +G++L+qe++dg++ pi+++Sr+l++aerny+tteke+lA+v+++ ++r+yl+g+
#PP        899******************************************************************************************97
#SEQ       TDEEYEAFVELKKRLVSPPILALPRYGKKYTLDTDACAYQVGCALLQEQPDGDRLPIGYWSRALTDAERNYTTTEKECLAVVWSILTLRPYLYGN
Chocri_XP_005711216.1    254    311    254    313 PF17921.2   Integrase_H2C2    Domain     1    56    58     54.8   7.3e-15   1 CL0361   
#HMM       vpkslrkeilkelHds..agHlGiektlarlrrryyWpgmrkdvkkyvksCetCqrrk
#MATCH     vpk+lr +il  +H    agH+G ++++  lrr yyWp+m +d  + v++C  C+ ++
#PP        8*****************************************************9876
#SEQ       VPKRLRAKILYLAHHPrlAGHPGGTRMYYTLRREYYWPHMANDAFSTVRNCASCAATR
Chocri_XP_005711216.1    330    425    326    425 PF00665.27  rve               Domain     5   102   102     40.9     2e-10   1 CL0219   
#HMM       gelwqvDvt..viripdgggkayllvviddfsrlilaeavsdemsastvvalleravakfggvepervlsDngseytskafreflaelgirvsftrpgrp
#MATCH      + + +D     +  ++  g  ++lv++d f++l+  + +++ +++ ++ a+l++ v+ +g   p++vl+Dng+++++k f +++a lg+r+++t +++p
#PP        5556677775333..4556679*********************7777777888888888888..**********************************98
#SEQ       LDFVAMDLLgpLL--KTAHGNRHVLVMTDRFTKLTRSIPLRTTTASVVANAFLDNWVYVYGA--PRYVLTDNGPQFAAKFFDAVCALLGVRHYLTTAYHP
Chocri_XP_005711216.1    649    696    649    697 PF00385.25  Chromo            Domain     1    53    54     37.9   1.3e-09   1 CL0049   
#HMM       yeVerIidhrtdkdgleleYlVKWkglpysentWEpeenlekcfqelideFkk
#MATCH     y+++ +++hr ++ g   +Y+V+W g+ + ++tWEp+e l    q +id+F++
#PP        789999**********..**********************9...559****96
#SEQ       YVIDHLVGHRENRTGT--QYKVRWYGYAPADDTWEPAEGLP---QAFIDRFWR
#CS        EEEEEEEEEEEETTEECEEEEEEETTSTGGGTEEEEGGGCTSCSHHHHHHHHH
Chocri_XP_005711286.1    125    223    124    223 PF17919.2   RT_RNaseH_2       Domain     2   100   100    103.1   6.7e-30   1 CL0219   
#HMM       teeqekafeklkealtsapvLalpdpdkpfiletDaSdtgiGavLsqedddgkerpiafaSrklskaernysttekellAivfalkkfrhyllgrkftv
#MATCH     t+e+ +afe+lk++lts+p+Lalp+++  + l tDa+d+ +G+ L+q +++    pi ++Sr+l+k er y+tteke+lAiv+a+  +r+yl+g++ftv
#PP        89************************************************777********************************************97
#SEQ       TDEEHEAFEELKRRLTSPPILALPKQKGGYKLDTDACDHQVGCTLLQDQEGPVYVPIRYWSRALTKQERDYTTTEKECLAIVWAILLLRPYLEGQRFTV
Chocri_XP_005711286.1    346    403    346    405 PF17921.2   Integrase_H2C2    Domain     1    56    58     52.9   2.9e-14   1 CL0361   
#HMM       vpkslrkeilkelHds..agHlGiektlarlrrryyWpgmrkdvkkyvksCetCqrrk
#MATCH     vp slr +i    H     gH+G+ k+++ +rr yyWp+m +dv++ v  C+ C+r++
#PP        799****************************************************975
#SEQ       VPASLRARISFLSHYPrlQGHPGTSKMYETMRRLYYWPHMASDVQQTVADCRSCARVR
Chocri_XP_005711286.1    421    517    418    517 PF00665.27  rve               Domain     4   102   102     42.5   6.1e-11   1 CL0219   
#HMM       pgelwqvDvt.viripdgggkayllvviddfsrlilaeavsdemsastvvalleravakfggvepervlsDngseytskafreflaelgirvsftrpgrp
#MATCH     p e + +D    ++ +++ g  + lv++d f++l+ a+ +++  +a++v+++   a  +  g+ p+++l+Dng+++t+k f++++  lgir+ +t +++p
#PP        56666667666555.5666778889******************.5555555555565555555.**********************************98
#SEQ       PLEFVAMDLYgPLP-KTPHGNRHKLVITDRFTKLCRAIPLRTT-QAQQVAQTFLDAWVYPYGM-PDTLLTDNGPQFTAKFFEAVCGPLGIRHVLTTAYHP
Chocri_XP_005711286.1    774    820    772    821 PF00385.25  Chromo            Domain     3    53    54     39.1   5.1e-10   1 CL0049   
#HMM       VerIidhrtdkdgleleYlVKWkglpysentWEpeenlekcfqelideFkk
#MATCH     ++rI++h   +dg  l Y V+W g++++e+tWE ++nl +    +i++++ 
#PP        89******999999.9**********************965...8999976
#SEQ       IDRIVAHGEADDGS-LLYHVRWFGYSPKEDTWERADNLPEN---FIRRYRA
#CS        EEEEEEEEEETTEECEEEEEEETTSTGGGTEEEEGGGCTSCSHHHHHHHHH
Chocri_XP_005711878.1     37    133     34    133 PF00665.27  rve               Domain     4   102   102     47.3   2.1e-12   1 CL0219   
#HMM       pgelwqvDvt.viripdgggkayllvviddfsrlilaeavsdemsastvvalleravakfggvepervlsDngseytskafreflaelgirvsftrpgrp
#MATCH     p e + +D    ++ +++ g  ++lv++d f++l+ a+ +++  +a++v+++   a  +  g+ p+++l+Dng+++t+k f++++  lgir+ +t +++p
#PP        66777778777666.6778889*********************.5555555555565555555.**********************************98
#SEQ       PLEFVAMDLYgPLP-KTPHGNRHILVITDRFTKLCRAIPLRTT-QAQQVAQTFLDAWVYPYGM-PDTLLTDNGPQFTAKFFEAVCGLLGIRHVLTTAYHP
Chocri_XP_005711878.1    390    436    388    437 PF00385.25  Chromo            Domain     3    53    54     40.6   1.8e-10   1 CL0049   
#HMM       VerIidhrtdkdgleleYlVKWkglpysentWEpeenlekcfqelideFkk
#MATCH     ++rI++h   +dg  + Y V+W g++++e+tWE ++nl +    +i++++ 
#PP        89************.***********************965...8999976
#SEQ       IDRIVAHGEADDGS-PLYRVRWFGYSPKEDTWERADNLPEN---FIRRYRA
#CS        EEEEEEEEEETTEECEEEEEEETTSTGGGTEEEEGGGCTSCSHHHHHHHHH
Chocri_XP_005712721.1     44    100     44    103 PF17921.2   Integrase_H2C2    Domain     1    55    58     56.9   1.7e-15   1 CL0361   
#HMM       vpkslrkeilkelHds..agHlGiektlarlrrryyWpgmrkdvkkyvksCetCqrr
#MATCH     vp++lr ++l  +H    agH+G+++++  lrr yyWp+m +d  + v++C+ C+ +
#PP        79****************************************************976
#SEQ       VPTRLRPRVLYLAHHPrlAGHPGATRMYYTLRREYYWPHMASDAFSTVRNCTSCAAT
Chocri_XP_005712721.1    119    215    116    215 PF00665.27  rve               Domain     4   102   102     42.9   4.6e-11   1 CL0219   
#HMM       pgelwqvDvt.viripdgggkayllvviddfsrlilaeavsdemsastvvalleravakfggvepervlsDngseytskafreflaelgirvsftrpgrp
#MATCH     p + + +D    ++ ++  g  ++lv++d fs+l+  + +++ +++ ++ a+l++ v+ +g   p++vl+Dng+++++k f +++a lg+r+++t +++p
#PP        77778888887677.6667799*********************7777777888888888888..**********************************98
#SEQ       PLQFVAMDLLgPLP-KTAHGNQHVLVITDRFSKLTRSIPLRTTTASVVANAFLDNWVYVYGA--PRYVLTDNGPQFAAKFFDAVCALLGVRHYLTTAYHP
Chocri_XP_005712721.1    415    462    415    463 PF00385.25  Chromo            Domain     1    53    54     39.9     3e-10   1 CL0049   
#HMM       yeVerIidhrtdkdgleleYlVKWkglpysentWEpeenlekcfqelideFkk
#MATCH     y+V+rI++hr+ ++g   eY+V+W g+  s++t+Ep e l +    +id++++
#PP        89**************..**********************93...38999986
#SEQ       YVVDRIVGHRMTRGGT--EYKVRWYGYAASDDTYEPSEGLPQ---PFIDRYWR
#CS        EEEEEEEEEEEETTEECEEEEEEETTSTGGGTEEEEGGGCTSCSHHHHHHHHH
Chocri_XP_005716240.1    143    244    140    244 PF17917.2   RT_RNaseH         Domain     4   105   105    116.2   7.6e-34   1 CL0219   
#HMM       kpfqletDAskdgigavLsqreedgeerpiafaSrklsgaernystiekellAivwalkkfrhylqgkkftvitDhknlkyllskkslngrlarwaleLsey
#MATCH      p+ + tDAs++ iga L q++ d +++pi f+Sr+l +aernys+ eke+lA++wa++++r+yl+g++f+v+tDh++l++l++ ++ +grl rw l Lse+
#PP        577899*****************************************************************************999999***********98
#SEQ       LPYPVDTDASDYQIGAALFQTHPDAQRKPIGFFSRTLAAAERNYSVSEKEFLAVIWAVQTLRPYLYGEHFIVHTDHASLRWLMNVTDPSGRLIRWRLRLSEF
#CS        S-EEEEEEECTEEEEEEEEEETTE..EEEEEEEEEE--HHHHTS-HHHHHHHHHHHHHHHHHHHHTS--EEEE-SS--TTTTT----.---HHHHHHHC-XX
Chocri_XP_005716240.1    353    410    353    412 PF17921.2   Integrase_H2C2    Domain     1    56    58     45.3   6.6e-12   1 CL0361   
#HMM       vpkslrkeilkelHds..agHlGiektlarlrrryyWpgmrkdvkkyvksCetCqrrk
#MATCH     +p+sl+ ++l   H    agH+G +k ++ lrr++yW +m  d+  + k+C +C+r +
#PP        79****************************************************9975
#SEQ       IPQSLKDRVLGLSHYAklAGHPGGRKLYKTLRRYFYWSTMALDCYAVAKNCAACARER
Chocri_XP_005716240.1    427    524    425    524 PF00665.27  rve               Domain     3   102   102     42.4     7e-11   1 CL0219   
#HMM       apgelwqvDvtviripdgggkayllvviddfsrlilaeavsdemsastvvalleravakfggvepervlsDngseytskafreflaelgirvsftrpgrp
#MATCH     ap e   +D+    i +++g  y+lv+ d +s+l+ ++ +++ ++a+ ++a++++ v  +g+  p ++lsDng+++t++ f+++++ lgir  ft +++p
#PP        677888899995556688889*****************************************..**********************************98
#SEQ       APLEFAAIDILGELITTKRGNRYILVISDRYSKLVRTVPLKKISAAHIAQAFVHHWVFVYGP--PVKLLSDNGTQFTARFFQNVCRILGIRNVFTTTYHP
Chocri_XP_005716240.1    801    841    801    850 PF00385.25  Chromo            Domain     1    43    54     26.6   4.3e-06   1 CL0049   
#HMM       yeVerIidhrtdkdgleleYlVKWkglpysentWEpeenlekc
#MATCH     y++++I+dh +d+++l    +V+W g+  +++tWEp+e++ + 
#PP        799*************..*********************9765
#SEQ       YVIDKIVDHGYDEEKL--ILKVRWYGYTIEDATWEPIEQIPRS
#CS        EEEEEEEEEEEETTEECEEEEEEETTSTGGGTEEEEGGGCTSC
Chocri_XP_005719064.1    131    232    128    232 PF17917.2   RT_RNaseH         Domain     4   105   105    111.8   1.8e-32   1 CL0219   
#HMM       kpfqletDAskdgigavLsqreedgeerpiafaSrklsgaernystiekellAivwalkkfrhylqgkkftvitDhknlkyllskkslngrlarwaleLsey
#MATCH     ++++l tDA+ + +g+ L+q++ dg  rpi + Sr+l++aerny+t+eke+lA+vw++ ++r+yl+g+ f++ tDh++l+++l+  +++grlarw l L+ey
#PP        6789*******************************************************************************999989***********99
#SEQ       RKYTLDTDACGHQVGCALLQEQPDGGTRPIGYWSRALTDAERNYTTTEKECLAVVWSILTLRPYLYGSAFNLRTDHEALRWVLNLADSSGRLARWRLRLAEY
#CS        S-EEEEEEECTEEEEEEEEEETTE..EEEEEEEEEE--HHHHTS-HHHHHHHHHHHHHHHHHHHHTS--EEEE-SS--TTTTT----.---HHHHHHHC-XX
Chocri_XP_005719064.1    332    388    332    391 PF17921.2   Integrase_H2C2    Domain     1    55    58     55.4   4.9e-15   1 CL0361   
#HMM       vpkslrkeilkelHds..agHlGiektlarlrrryyWpgmrkdvkkyvksCetCqrr
#MATCH     vp++lr ++l  +H    agH G+++++  lrr yyWp+m +d  + v++C+ C+ +
#PP        79****************************************************976
#SEQ       VPTRLRPRVLYLAHHPrlAGHSGATRMYYTLRREYYWPHMASDALSTVRNCTSCAAT
Chocri_XP_005719064.1    407    503    404    503 PF00665.27  rve               Domain     4   102   102     41.9     1e-10   1 CL0219   
#HMM       pgelwqvDvt.viripdgggkayllvviddfsrlilaeavsdemsastvvalleravakfggvepervlsDngseytskafreflaelgirvsftrpgrp
#MATCH     p e + +D    ++ ++  g  ++lv++d fs+l+  + +++ +++ ++ a+l++ v+ +g   p++vl+Dng+++++k f +++a lg+r+++t +++p
#PP        77777888887666.6667799*********************7777777888888888888..**********************************98
#SEQ       PLEFVAMDLLgPLP-KTAHGNQHVLVITDRFSKLTRSIPLRTTTASVVANAFLDNWVYVYGA--PRYVLTDNGPQFAAKFFDAVCALLGVRHYLTTAYHP
Chocri_XP_005719064.1    730    777    730    778 PF00385.25  Chromo            Domain     1    53    54     37.8   1.3e-09   1 CL0049   
#HMM       yeVerIidhrtdkdgleleYlVKWkglpysentWEpeenlekcfqelideFkk
#MATCH     y+V+rI++hr+ ++g   eY+V+W g+  s++t+Ep e l +    +id++++
#PP        89**************..**********************93...38999986
#SEQ       YVVDRIVGHRMTRGGI--EYKVRWYGYAASDDTYEPSEGLPQ---PFIDRYWR
#CS        EEEEEEEEEEEETTEECEEEEEEETTSTGGGTEEEEGGGCTSCSHHHHHHHHH
