Bremin_symbB.v1.2.004342.t1 420 721 PF00145 DNA_methylase	FRLVETCTGLGSLGCGAEFAGFKVVAQNDLLHSFCDHLQGAPGrnpsTVIEGDICKLDTMvKLHAaSegAKALAFGFSCQPFSALGDMKEGDDDRSsTLSFGlYCGYLLQMGLIVMECTPKAPASRFVKVCLQYFEQVtGFTKSEALLELADIWPSRRRRWWCILTHPAFGKIHINPMPKLSKSPVISDVLPMFLQLSEEEYKALQLTLYERQCFQQFAKSPHGCMVDFHSPLDTALHSWGNQCGECHCGCGRKfSQTRLKEHGIFGALVHDPSKPDDENLRHLSAQEMAILCGFPLQYGWQ
Bremin_symbB.v1.2.004342.t1 2360 2563 PF00078 RVT_1	QQFRPITVMPLMFRCWGSLRARQVLSHITSIAPPELLGNIPGKTATSLWwklQAHIEHSLYADVPCVGYVADLIKAFNLIPRDPVFNIAIQVGVAPRIVRGWSAAVILNQRHFFIRGCPGPGLTSCTGFPEGCAMSVTAMCLLNLLIHAIIAARHPQTTFCSYVDNLEIVAKQAVEAAACLQTLTRVCRCLDMQIDDAKTYAWA
Bremin_symbB.v1.2.004342.t1 2921 3070 PF00075 RNase_H	DLFTDGAAIDPktPATRlvSWGVVVAGPEpgvaaSPIASGGVPgLLQTVGRAEVCAIIAALKfGSRCKCEVRIWSDNQYAVNNARRILRKQLDPHPLMPdHDLWLIVKQLLTaISQVTFVHVGSHQSRdqidefqqwaFDNNDQADALAG
Bremin_symbB.v1.2.004342.t1 3091 3183 PF13621 Cupin_8	VDNFLVQCHGTKRVCLFPPDCAKHLYVNSKYDSGTLCCDVNVFEPDYKRHPLFRHVGKWEMVELQRGDVLFIPAFWWHSVLTTSGTSISLNSF
Bremin_symbB.v1.2.019811.t1 1651 1741 PF00665 rve	NERLVSDTFYVWDTNGHKFAVTHAMDAFSMYMVAVAAKDAAALTTVELLRDKWFSVFGPPSILMTDQGPEYRGVVEQLMRTFGVFHDMVPP
Bremin_symbB.v1.2.019811.t1 2592 2778 PF07727 RVT_2	DDLlPDAKLKARWIIAGHRDQRAGEYETESPTASLLGHNLLCMLATQWAWPMMFADVSAAFLQGDVLPEdrrVFVQCPrnyPQFVRqflqtkvpNGYQTDIFRLRKAGFGLAESPRLWYKKFKRDIESIGGQEWRLMPGMFSFFDETQEvyAMLAVHVDDVRLIVRPEDEEKLKAKLNGLFSFGEWN
Bremin_symbB.v1.2.019811.t1 3109 3279 PF00176 SNF2_N	RTPLQNRVGELYSLIRFLRVRPYAFYYCKKQGCKCECAcfmrdrycpncghvrfmhyssfkrdvsnpiikygymgAGKTAFQKLRQDILQRCMLRRTKEERkaDLQLPPIKVCIRKDKLSKQETDFYSSIYMQSCVKFDTFVHSGTVLHNYAHIFDLLTSLRRAVDHPYLI
Bremin_symbB.v1.2.019811.t1 3305 3354 PF13639 zf-RING_2	CGLCQDDViEGGEEIKRQaKCGHVFHDECIRAYMADAPTlksggvgCPVC
Bremin_symbB.v1.2.019811.t1 3452 3565 PF00271 Helicase_C	IEALLDEInqmIAGDSGAKGIVFSQFGSMLELVEFRMKRAGISCVVFRGGMSMQARDDALAAFNeDPTLKvILISLKAGGEGLNLQVANHVFLLDPWWNPACEMQAIQRAHRIG
Bremin_symbB.v1.2.030677.t3 2023 2054 PF00627 UBA	VQQLMALGFSAVAARHGLRICGGDIHEASAWL
Bremin_symbB.v1.2.030677.t3 2294 2332 PF00856 SET	MALCEHSCEPNCSLVHDGTDLWFVALRNIPEGSPITTSY
Bremin_symbB.v1.2.030677.t3 4169 4395 PF07727 RVT_2	KNKDRVITARWVLTWKTSPEGNPVAKARLVLRGFQDPDLFNLEKASPTAARLGKLAMLSLASTMRWSVFCGDVKAAFLSGaEFVRKILVKLPKDcgplLGVTGGNDTHMRLLKSAYGLADAPLLWFKEATRRLVALNLKPQQLDKCTFCYYEKNKLagILILHVDDMLIAGDMATTFAMVVDKLKENFEFGKWeqlteGHAVTYCGSVLEKKKDMMTMSFEAYLKKI
Bremin_symbB.v1.2.030677.t3 5071 5239 PF01145 Band_7	TGSLGVIQRCGEYQGLQEPGCSCvCFPFTTVQPVSLAlQQHVCKTDCKTKDSVMVKVMTAVQYKIeRDMVKAAVFDIEQPLRQIEAEVDSILRSTVPSMSLDESYEAKDKMVEEILSSVKEAMKRYGYDIIKVLITDIKPEASILAAMNKINAQRRRRAAALEKGEAEK
