# pfam_scan.pl,  run at Wed Jan 20 09:01:48 2021
#
# Copyright (c) 2009 Genome Research Ltd
# Freely distributed under the GNU 
# General Public License
#
# Authors: Jaina Mistry (jaina@ebi.ac.uk), 
#          Rob Finn (rdf@ebi.ac.uk)
#
# This is free software; you can redistribute it and/or modify it under
# the terms of the GNU General Public License as published by the Free Software
# Foundation; either version 2 of the License, or (at your option) any later version.
# This program is distributed in the hope that it will be useful, but WITHOUT
# ANY WARRANTY; without even the implied warranty of MERCHANTABILITY or FITNESS
# FOR A PARTICULAR PURPOSE. See the GNU General Public License for more
# details.
#
# You should have received a copy of the GNU General Public License along with
# this program. If not, see <http://www.gnu.org/licenses/>. 
# = = = = = = = = = = = = = = = = = = = = = = = = = = = = = = = = = = = = = = = =
#      query sequence file: data/fusions.Ttra.fasta
#     cpu number specified: 1
#        searching against: /users/asebe/xgraubove/data/pfam//Pfam-A.hmm, with cut off --cut_ga
#    resolve clan overlaps: on
#     predict active sites: on
# = = = = = = = = = = = = = = = = = = = = = = = = = = = = = = = = = = = = = = = =
#
# <seq id> <alignment start> <alignment end> <envelope start> <envelope end> <hmm acc> <hmm name> <type> <hmm start> <hmm end> <hmm length> <bit score> <E-value> <significance> <clan> <predicted_active_site_residues>

Ttra_KNC50674      5     73      1     74 PF00125.25  Histone           Domain    58   130   131     35.2   1.4e-08   1 CL0012   
#HMM       tdlliqklpfaRvvreivksekedlrisaeavlalqealEallvelfeeAnllakhaKRvTitpkDiqlArrl
#MATCH      ++++++ ++++v++++++    d +is++ ++++++++ + l ++ e+A++++    + T+ +++iq+A+r+
#PP        6788999************....*************************************************9
#SEQ       RRRETFASYIYKVLKQVHP----DAGISKQGMTMVNAFVFDTLRQIVELASRIMPMMGKTTVSSREIQTAVRI
#CS        XSXXSXHHHHHHHHHHHH.TTSSSXEEXHHHHHHHHHHHHHHHHHHHHHHHHHHHHTTXSEEXHHHHHHHHHH
Ttra_KNC50674    103    175     93    178 PF00125.25  Histone           Domain    54   128   131     37.1   3.6e-09   1 CL0012   
#HMM       yqkstdlliqklpfaRvvreivksekedlrisaeavlalqealEallvelfeeAnllakhaKRvTitpkDiqlAr
#MATCH     +  ++++ + ++p+ R++r  +       r+s++a+++l+++lE+l +e+ e+++++a+ a R +itp D+++A+
#PP        55677778889********7776..6679********************************************97
#SEQ       STTRSTRAGLQFPVGRIHRYMRA--IVIGRVSGSAPVYLAAVLEYLVAEIVELSGNAARAAGRMRITPIDLETAI
#CS        HHHXXSXXSXHHHHHHHHHHHH.TTSSSXEEXHHHHHHHHHHHHHHHHHHHHHHHHHHHHTTXSEEXHHHHHHHH
