# pfam_scan.pl,  run at Wed Jan 20 09:01:09 2021
#
# Copyright (c) 2009 Genome Research Ltd
# Freely distributed under the GNU 
# General Public License
#
# Authors: Jaina Mistry (jaina@ebi.ac.uk), 
#          Rob Finn (rdf@ebi.ac.uk)
#
# This is free software; you can redistribute it and/or modify it under
# the terms of the GNU General Public License as published by the Free Software
# Foundation; either version 2 of the License, or (at your option) any later version.
# This program is distributed in the hope that it will be useful, but WITHOUT
# ANY WARRANTY; without even the implied warranty of MERCHANTABILITY or FITNESS
# FOR A PARTICULAR PURPOSE. See the GNU General Public License for more
# details.
#
# You should have received a copy of the GNU General Public License along with
# this program. If not, see <http://www.gnu.org/licenses/>. 
# = = = = = = = = = = = = = = = = = = = = = = = = = = = = = = = = = = = = = = = =
#      query sequence file: data/fusions.Azfi.fasta
#     cpu number specified: 1
#        searching against: /users/asebe/xgraubove/data/pfam//Pfam-A.hmm, with cut off --cut_ga
#    resolve clan overlaps: on
#     predict active sites: on
# = = = = = = = = = = = = = = = = = = = = = = = = = = = = = = = = = = = = = = = =
#
# <seq id> <alignment start> <alignment end> <envelope start> <envelope end> <hmm acc> <hmm name> <type> <hmm start> <hmm end> <hmm length> <bit score> <E-value> <significance> <clan> <predicted_active_site_residues>

Azfi_s0007.g010920     39     96     25    100 PF15511.7   CENP-T_C          Domain    22    79   108     31.7   1.3e-07   1 CL0012   
#HMM       kasgskaklekealkalekasdkffeqvgeDLeayakHagRKtidesDvilLmkrqrk
#MATCH      ++g  ++++   ++    +++ f+e v +D  +y++Ha+RKt+ + Dv+  +krq++
#PP        34456667888888888899999*********************************86
#SEQ       ARRGGVKRISGLIYEETRGVLKIFLENVIRDAVTYTEHARRKTVTAMDVVYALKRQGR
Azfi_s0007.g010920    174    231    159    233 PF15511.7   CENP-T_C          Domain    22    79   108     31.5   1.5e-07   1 CL0012   
#HMM       kasgskaklekealkalekasdkffeqvgeDLeayakHagRKtidesDvilLmkrqrk
#MATCH      ++g  ++++   ++    +++ f+e v +D  +y++Ha+RKt+ + Dv+  +krq++
#PP        34456667888888888899999*********************************86
#SEQ       ARRGGVKRISGLIYEETRGVLKIFLENVIRDAVTYTEHARRKTVTAMDVVYALKRQGR
